,replicate,time,living,dead,rough,spacer,resistants,virulent,mucin_mode,global_energy_reserves
0,0,0,126,0,0.19047619047619047,0.0,0.19047619047619047,0.8095238095238095,0.11904761904761904,100.0
1,0,1,125,26,0.264,0.0,0.264,0.736,0.128,100.0
2,0,2,133,51,0.3458646616541353,0.0,0.3458646616541353,0.6541353383458647,0.23308270676691728,100.0
3,0,3,134,84,0.3358208955223881,0.0,0.3358208955223881,0.664179104477612,0.31343283582089554,100.0
4,0,4,114,129,0.42105263157894735,0.0,0.42105263157894735,0.5789473684210527,0.2894736842105263,111.0
5,0,5,138,141,0.4492753623188406,0.0,0.4492753623188406,0.5507246376811594,0.2826086956521739,109.0
6,0,6,149,170,0.5167785234899329,0.006711409395973154,0.5167785234899329,0.48322147651006714,0.3221476510067114,100.0
7,0,7,78,187,0.5,0.02564102564102564,0.5,0.5,0.38461538461538464,142.0
8,0,8,84,200,0.6071428571428571,0.023809523809523808,0.6071428571428571,0.39285714285714285,0.30952380952380953,177.0
9,0,9,107,208,0.6355140186915887,0.028037383177570093,0.6355140186915887,0.3644859813084112,0.2897196261682243,201.0
10,0,10,114,226,0.6929824561403509,0.017543859649122806,0.6929824561403509,0.30701754385964913,0.2719298245614035,215.0
11,0,11,6,229,1.0,0.0,1.0,0.0,0.0,310.0
12,0,12,7,229,1.0,0.0,1.0,0.0,0.0,404.0
13,0,13,5,232,1.0,0.0,1.0,0.0,0.0,500.0
14,0,14,6,233,1.0,0.0,1.0,0.0,0.0,596.0
15,0,15,6,234,1.0,0.0,1.0,0.0,0.0,691.0
16,0,16,7,235,1.0,0.0,1.0,0.0,0.0,786.0
17,0,17,8,236,1.0,0.0,1.0,0.0,0.0,880.0
18,0,18,9,237,1.0,0.0,1.0,0.0,0.0,973.0
19,0,19,9,239,1.0,0.0,1.0,0.0,0.0,1066.0
20,0,20,9,240,1.0,0.0,1.0,0.0,0.0,1158.0
21,0,21,9,242,1.0,0.0,1.0,0.0,0.0,1251.0
22,0,22,9,244,1.0,0.0,1.0,0.0,0.0,1344.0
23,0,23,9,246,1.0,0.0,1.0,0.0,0.0,1437.0
24,0,24,10,248,1.0,0.0,1.0,0.0,0.0,1530.0
25,0,25,11,249,1.0,0.0,1.0,0.0,0.0,1621.0
26,0,26,13,251,1.0,0.0,1.0,0.0,0.0,1712.0
27,0,27,16,253,1.0,0.0,1.0,0.0,0.0,1801.0
28,0,28,19,255,1.0,0.0,1.0,0.0,0.0,1887.0
29,0,29,21,258,1.0,0.0,1.0,0.0,0.0,1971.0
30,0,30,26,260,1.0,0.0,1.0,0.0,0.0,2052.0
31,0,31,31,264,1.0,0.0,1.0,0.0,0.0,2130.0
32,0,32,36,269,1.0,0.0,1.0,0.0,0.0,2204.0
33,0,33,44,274,1.0,0.0,1.0,0.0,0.0,2273.0
34,0,34,53,279,1.0,0.0,1.0,0.0,0.0,2334.0
35,0,35,61,286,1.0,0.0,1.0,0.0,0.0,2388.0
36,0,36,70,295,1.0,0.0,1.0,0.0,0.0,2436.0
37,0,37,73,305,1.0,0.0,1.0,0.0,0.0,2476.0
38,0,38,78,318,1.0,0.0,1.0,0.0,0.0,2516.0
39,0,39,86,332,1.0,0.0,1.0,0.0,0.0,2552.0
40,0,40,99,347,1.0,0.0,1.0,0.0,0.0,2581.0
41,0,41,110,365,1.0,0.0,1.0,0.0,0.0,2600.0
42,0,42,131,378,1.0,0.0,1.0,0.0,0.0,2603.0
43,0,43,149,396,1.0,0.0,1.0,0.0,0.0,2590.0
44,0,44,173,418,1.0,0.0,1.0,0.0,0.0,2563.0
45,0,45,199,446,1.0,0.0,1.0,0.0,0.0,2518.0
46,0,46,222,475,1.0,0.0,1.0,0.0,0.0,2448.0
47,0,47,254,509,1.0,0.0,1.0,0.0,0.0,2360.0
48,0,48,288,545,1.0,0.0,1.0,0.0,0.0,2242.0
49,0,49,320,591,1.0,0.0,1.0,0.0,0.0,2100.0
50,0,50,347,645,1.0,0.0,1.0,0.0,0.0,1934.0
51,0,51,404,697,1.0,0.0,1.0,0.0,0.0,1739.0
52,0,52,450,763,1.0,0.0,1.0,0.0,0.0,1501.0
53,0,53,491,833,1.0,0.0,1.0,0.0,0.0,1221.0
54,0,54,548,911,1.0,0.0,1.0,0.0,0.0,908.0
55,0,55,610,992,1.0,0.0,1.0,0.0,0.0,541.0
56,0,56,661,1101,1.0,0.0,1.0,0.0,0.0,140.0
57,0,57,189,1622,1.0,0.0,1.0,0.0,0.0,100.0
58,0,58,135,1711,1.0,0.0,1.0,0.0,0.0,100.0
59,0,59,130,1746,1.0,0.0,1.0,0.0,0.0,100.0
60,0,60,129,1776,1.0,0.0,1.0,0.0,0.0,100.0
61,0,61,130,1805,1.0,0.0,1.0,0.0,0.0,100.0
62,0,62,128,1835,1.0,0.0,1.0,0.0,0.0,100.0
63,0,63,128,1863,1.0,0.0,1.0,0.0,0.0,100.0
64,0,64,131,1891,1.0,0.0,1.0,0.0,0.0,100.0
65,0,65,130,1922,1.0,0.0,1.0,0.0,0.0,100.0
66,0,66,129,1952,1.0,0.0,1.0,0.0,0.0,100.0
67,0,67,131,1981,1.0,0.0,1.0,0.0,0.0,100.0
68,0,68,126,2012,1.0,0.0,1.0,0.0,0.0,100.0
69,0,69,140,2038,1.0,0.0,1.0,0.0,0.0,100.0
70,0,70,134,2078,1.0,0.0,1.0,0.0,0.0,100.0
71,0,71,135,2112,1.0,0.0,1.0,0.0,0.0,100.0
72,0,72,138,2147,1.0,0.0,1.0,0.0,0.0,100.0
73,0,73,134,2185,1.0,0.0,1.0,0.0,0.0,100.0
74,0,74,133,2219,1.0,0.0,1.0,0.0,0.0,100.0
75,0,75,136,2252,1.0,0.0,1.0,0.0,0.0,100.0
76,0,76,133,2288,1.0,0.0,1.0,0.0,0.0,100.0
77,0,77,138,2321,1.0,0.0,1.0,0.0,0.0,100.0
78,0,78,137,2359,1.0,0.0,1.0,0.0,0.0,100.0
79,0,79,134,2396,1.0,0.0,1.0,0.0,0.0,100.0
80,0,80,131,2430,1.0,0.0,1.0,0.0,0.0,100.0
81,0,81,128,2461,1.0,0.0,1.0,0.0,0.0,100.0
82,0,82,137,2489,1.0,0.0,1.0,0.0,0.0,100.0
83,0,83,133,2526,1.0,0.0,1.0,0.0,0.0,100.0
84,0,84,137,2559,1.0,0.0,1.0,0.0,0.0,100.0
85,0,85,132,2596,1.0,0.0,1.0,0.0,0.0,100.0
86,0,86,134,2628,1.0,0.0,1.0,0.0,0.0,100.0
87,0,87,127,2662,1.0,0.0,1.0,0.0,0.0,100.0
88,0,88,136,2689,1.0,0.0,1.0,0.0,0.0,100.0
89,0,89,130,2725,1.0,0.0,1.0,0.0,0.0,100.0
90,0,90,132,2755,1.0,0.0,1.0,0.0,0.0,100.0
91,0,91,134,2787,1.0,0.0,1.0,0.0,0.0,100.0
92,0,92,140,2821,1.0,0.0,1.0,0.0,0.0,100.0
93,0,93,128,2861,1.0,0.0,1.0,0.0,0.0,100.0
94,0,94,134,2889,1.0,0.0,1.0,0.0,0.0,100.0
95,0,95,142,2923,1.0,0.0,1.0,0.0,0.0,100.0
96,0,96,133,2965,1.0,0.0,1.0,0.0,0.0,100.0
97,0,97,132,2998,1.0,0.0,1.0,0.0,0.0,100.0
98,0,98,133,3030,1.0,0.0,1.0,0.0,0.0,100.0
99,0,99,132,3063,1.0,0.0,1.0,0.0,0.0,100.0
100,1,0,129,0,0.12403100775193798,0.0,0.12403100775193798,0.875968992248062,0.12403100775193798,100.0
101,1,1,21,1,0.047619047619047616,0.0,0.047619047619047616,0.9523809523809523,0.2857142857142857,186.0
102,1,2,27,1,0.07407407407407407,0.0,0.07407407407407407,0.9259259259259259,0.25925925925925924,265.0
103,1,3,37,1,0.16216216216216217,0.0,0.16216216216216217,0.8378378378378378,0.2702702702702703,338.0
104,1,4,29,13,0.13793103448275862,0.0,0.13793103448275862,0.8620689655172413,0.27586206896551724,413.0
105,1,5,37,15,0.16216216216216217,0.0,0.16216216216216217,0.8378378378378378,0.2972972972972973,486.0
106,1,6,40,22,0.175,0.0,0.175,0.825,0.35,556.0
107,1,7,43,28,0.4186046511627907,0.0,0.4186046511627907,0.5813953488372093,0.2558139534883721,622.0
108,1,8,47,38,0.46808510638297873,0.0,0.46808510638297873,0.5319148936170213,0.2553191489361702,689.0
109,1,9,58,42,0.5517241379310345,0.0,0.5517241379310345,0.4482758620689655,0.22413793103448276,746.0
110,1,10,61,52,0.6229508196721312,0.0,0.6229508196721312,0.3770491803278688,0.2786885245901639,798.0
111,1,11,65,62,0.6923076923076923,0.0,0.6923076923076923,0.3076923076923077,0.18461538461538463,847.0
112,1,12,72,71,0.6944444444444444,0.0,0.6944444444444444,0.3055555555555556,0.16666666666666666,891.0
113,1,13,80,85,0.7125,0.0,0.7125,0.2875,0.1875,933.0
114,1,14,89,100,0.7303370786516854,0.0,0.7303370786516854,0.2696629213483146,0.20224719101123595,968.0
115,1,15,100,113,0.8,0.0,0.8,0.2,0.12,992.0
116,1,16,116,127,0.7931034482758621,0.008620689655172414,0.7931034482758621,0.20689655172413793,0.13793103448275862,1006.0
117,1,17,125,143,0.816,0.008,0.816,0.184,0.128,1006.0
118,1,18,135,165,0.837037037037037,0.007407407407407408,0.837037037037037,0.16296296296296298,0.11851851851851852,1003.0
119,1,19,70,179,0.7714285714285715,0.0,0.7714285714285715,0.22857142857142856,0.15714285714285714,1053.0
120,1,20,80,189,0.7875,0.0,0.7875,0.2125,0.1625,1093.0
121,1,21,90,203,0.8333333333333334,0.0,0.8333333333333334,0.16666666666666666,0.12222222222222222,1127.0
122,1,22,108,215,0.8518518518518519,0.0,0.8518518518518519,0.14814814814814814,0.1111111111111111,1149.0
123,1,23,128,229,0.8515625,0.0078125,0.8515625,0.1484375,0.109375,1155.0
124,1,24,137,249,0.8759124087591241,0.0072992700729927005,0.8759124087591241,0.12408759124087591,0.08759124087591241,1147.0
125,1,25,164,269,0.8902439024390244,0.0,0.8902439024390244,0.10975609756097561,0.06707317073170732,1130.0
126,1,26,187,293,0.893048128342246,0.0,0.893048128342246,0.10695187165775401,0.058823529411764705,1090.0
127,1,27,204,323,0.8970588235294118,0.0,0.8970588235294118,0.10294117647058823,0.06862745098039216,1033.0
128,1,28,224,357,0.90625,0.008928571428571428,0.90625,0.09375,0.06696428571428571,963.0
129,1,29,245,386,0.9061224489795918,0.012244897959183673,0.9061224489795918,0.09387755102040816,0.06938775510204082,868.0
130,1,30,263,433,0.9163498098859315,0.015209125475285171,0.9163498098859315,0.08365019011406843,0.06463878326996197,770.0
131,1,31,296,480,0.9391891891891891,0.016891891891891893,0.9391891891891891,0.060810810810810814,0.0472972972972973,654.0
132,1,32,326,527,0.9570552147239264,0.015337423312883436,0.9570552147239264,0.04294478527607362,0.03374233128834356,505.0
133,1,33,370,581,0.9594594594594594,0.010810810810810811,0.9594594594594594,0.04054054054054054,0.03783783783783784,333.0
134,1,34,421,631,0.9572446555819477,0.009501187648456057,0.9572446555819477,0.04275534441805225,0.03800475059382423,113.0
135,1,35,146,939,0.9657534246575342,0.0,0.9657534246575342,0.03424657534246575,0.03424657534246575,100.0
136,1,36,129,985,0.9767441860465116,0.0,0.9767441860465116,0.023255813953488372,0.023255813953488372,100.0
137,1,37,130,1014,0.9769230769230769,0.0,0.9769230769230769,0.023076923076923078,0.023076923076923078,100.0
138,1,38,136,1044,0.9632352941176471,0.0,0.9632352941176471,0.03676470588235294,0.03676470588235294,100.0
139,1,39,129,1080,0.9689922480620154,0.0,0.9689922480620154,0.031007751937984496,0.031007751937984496,100.0
140,1,40,136,1109,0.9779411764705882,0.0,0.9779411764705882,0.022058823529411766,0.022058823529411766,100.0
141,1,41,136,1145,0.9705882352941176,0.0,0.9705882352941176,0.029411764705882353,0.029411764705882353,100.0
142,1,42,135,1181,0.9851851851851852,0.0,0.9851851851851852,0.014814814814814815,0.014814814814814815,100.0
143,1,43,140,1216,0.9928571428571429,0.0,0.9928571428571429,0.007142857142857143,0.007142857142857143,100.0
144,1,44,142,1256,0.9929577464788732,0.0,0.9929577464788732,0.007042253521126761,0.007042253521126761,100.0
145,1,45,127,1298,1.0,0.0,1.0,0.0,0.0,100.0
146,1,46,135,1325,1.0,0.0,1.0,0.0,0.0,100.0
147,1,47,136,1360,1.0,0.0,1.0,0.0,0.0,100.0
148,1,48,136,1396,1.0,0.0,1.0,0.0,0.0,100.0
149,1,49,131,1432,1.0,0.0,1.0,0.0,0.0,100.0
150,1,50,139,1463,1.0,0.0,1.0,0.0,0.0,100.0
151,1,51,139,1502,1.0,0.0,1.0,0.0,0.0,100.0
152,1,52,130,1541,1.0,0.0,1.0,0.0,0.0,100.0
153,1,53,133,1571,1.0,0.0,1.0,0.0,0.0,100.0
154,1,54,134,1604,1.0,0.0,1.0,0.0,0.0,100.0
155,1,55,137,1638,1.0,0.0,1.0,0.0,0.0,100.0
156,1,56,143,1675,1.0,0.0,1.0,0.0,0.0,100.0
157,1,57,139,1718,1.0,0.0,1.0,0.0,0.0,100.0
158,1,58,132,1757,1.0,0.0,1.0,0.0,0.0,100.0
159,1,59,131,1789,1.0,0.0,1.0,0.0,0.0,100.0
160,1,60,132,1820,1.0,0.0,1.0,0.0,0.0,100.0
161,1,61,133,1852,1.0,0.0,1.0,0.0,0.0,100.0
162,1,62,125,1885,1.0,0.0,1.0,0.0,0.0,100.0
163,1,63,136,1910,1.0,0.0,1.0,0.0,0.0,100.0
164,1,64,140,1946,1.0,0.0,1.0,0.0,0.0,100.0
165,1,65,123,1986,1.0,0.0,1.0,0.0,0.0,100.0
166,1,66,124,2009,1.0,0.0,1.0,0.0,0.0,100.0
167,1,67,132,2033,1.0,0.0,1.0,0.0,0.0,100.0
168,1,68,128,2065,1.0,0.0,1.0,0.0,0.0,100.0
169,1,69,128,2094,1.0,0.0,1.0,0.0,0.0,101.0
170,1,70,137,2121,1.0,0.0,1.0,0.0,0.0,100.0
171,1,71,129,2158,1.0,0.0,1.0,0.0,0.0,100.0
172,1,72,134,2187,1.0,0.0,1.0,0.0,0.0,100.0
173,1,73,134,2221,1.0,0.0,1.0,0.0,0.0,100.0
174,1,74,137,2255,1.0,0.0,1.0,0.0,0.0,100.0
175,1,75,126,2292,1.0,0.0,1.0,0.0,0.0,100.0
176,1,76,141,2318,1.0,0.0,1.0,0.0,0.0,100.0
177,1,77,137,2359,1.0,0.0,1.0,0.0,0.0,100.0
178,1,78,136,2396,1.0,0.0,1.0,0.0,0.0,100.0
179,1,79,138,2432,1.0,0.0,1.0,0.0,0.0,100.0
180,1,80,134,2470,1.0,0.0,1.0,0.0,0.0,100.0
181,1,81,137,2504,1.0,0.0,1.0,0.0,0.0,100.0
182,1,82,145,2541,1.0,0.0,1.0,0.0,0.0,100.0
183,1,83,137,2586,1.0,0.0,1.0,0.0,0.0,100.0
184,1,84,129,2623,1.0,0.0,1.0,0.0,0.0,100.0
185,1,85,129,2652,1.0,0.0,1.0,0.0,0.0,100.0
186,1,86,131,2681,1.0,0.0,1.0,0.0,0.0,100.0
187,1,87,125,2712,1.0,0.0,1.0,0.0,0.0,100.0
188,1,88,130,2737,1.0,0.0,1.0,0.0,0.0,100.0
189,1,89,140,2767,1.0,0.0,1.0,0.0,0.0,100.0
190,1,90,129,2807,1.0,0.0,1.0,0.0,0.0,100.0
191,1,91,132,2836,1.0,0.0,1.0,0.0,0.0,100.0
192,1,92,130,2868,1.0,0.0,1.0,0.0,0.0,100.0
193,1,93,142,2898,1.0,0.0,1.0,0.0,0.0,100.0
194,1,94,133,2940,1.0,0.0,1.0,0.0,0.0,100.0
195,1,95,127,2973,1.0,0.0,1.0,0.0,0.0,100.0
196,1,96,130,3000,1.0,0.0,1.0,0.0,0.0,100.0
197,1,97,126,3030,1.0,0.0,1.0,0.0,0.0,100.0
198,1,98,127,3056,1.0,0.0,1.0,0.0,0.0,100.0
199,1,99,126,3083,1.0,0.0,1.0,0.0,0.0,100.0
200,2,0,127,1,0.15748031496062992,0.0,0.15748031496062992,0.84251968503937,0.14173228346456693,106.0
201,2,1,135,22,0.2740740740740741,0.0,0.2740740740740741,0.725925925925926,0.17037037037037037,100.0
202,2,2,137,57,0.40875912408759124,0.0364963503649635,0.40875912408759124,0.5912408759124088,0.1897810218978102,100.0
203,2,3,122,94,0.4672131147540984,0.04918032786885246,0.4672131147540984,0.5327868852459017,0.21311475409836064,100.0
204,2,4,114,134,0.5087719298245614,0.07894736842105263,0.5087719298245614,0.49122807017543857,0.22807017543859648,118.0
205,2,5,138,149,0.5579710144927537,0.08695652173913043,0.5579710144927537,0.4420289855072464,0.21014492753623187,119.0
206,2,6,162,168,0.6049382716049383,0.1111111111111111,0.6049382716049383,0.3950617283950617,0.21604938271604937,100.0
207,2,7,128,230,0.671875,0.1171875,0.671875,0.328125,0.21875,100.0
208,2,8,130,258,0.7384615384615385,0.046153846153846156,0.7384615384615385,0.26153846153846155,0.2153846153846154,100.0
209,2,9,134,288,0.7686567164179104,0.029850746268656716,0.7686567164179104,0.23134328358208955,0.20149253731343283,100.0
210,2,10,130,322,0.7846153846153846,0.038461538461538464,0.7846153846153846,0.2153846153846154,0.19230769230769232,100.0
211,2,11,133,352,0.8195488721804511,0.05263157894736842,0.8195488721804511,0.18045112781954886,0.16541353383458646,100.0
212,2,12,124,385,0.8387096774193549,0.056451612903225805,0.8387096774193549,0.16129032258064516,0.1532258064516129,100.0
213,2,13,126,409,0.8253968253968254,0.05555555555555555,0.8253968253968254,0.1746031746031746,0.1746031746031746,100.0
214,2,14,133,435,0.8270676691729323,0.045112781954887216,0.8270676691729323,0.17293233082706766,0.17293233082706766,100.0
215,2,15,140,468,0.85,0.05,0.85,0.15,0.15,100.0
216,2,16,130,508,0.8538461538461538,0.046153846153846156,0.8538461538461538,0.14615384615384616,0.14615384615384616,100.0
217,2,17,138,538,0.8260869565217391,0.057971014492753624,0.8260869565217391,0.17391304347826086,0.17391304347826086,100.0
218,2,18,141,576,0.8439716312056738,0.05673758865248227,0.8439716312056738,0.15602836879432624,0.15602836879432624,100.0
219,2,19,135,617,0.9037037037037037,0.05185185185185185,0.9037037037037037,0.0962962962962963,0.0962962962962963,100.0
220,2,20,135,652,0.9703703703703703,0.02962962962962963,0.9703703703703703,0.02962962962962963,0.02962962962962963,100.0
221,2,21,138,687,0.9710144927536232,0.028985507246376812,0.9710144927536232,0.028985507246376812,0.028985507246376812,100.0
222,2,22,125,725,0.984,0.016,0.984,0.016,0.016,100.0
223,2,23,122,750,0.9754098360655737,0.02459016393442623,0.9754098360655737,0.02459016393442623,0.02459016393442623,100.0
224,2,24,134,772,0.9776119402985075,0.03731343283582089,0.9776119402985075,0.022388059701492536,0.022388059701492536,100.0
225,2,25,129,806,0.9922480620155039,0.023255813953488372,0.9922480620155039,0.007751937984496124,0.007751937984496124,100.0
226,2,26,127,836,0.9921259842519685,0.023622047244094488,0.9921259842519685,0.007874015748031496,0.007874015748031496,101.0
227,2,27,139,862,0.9928057553956835,0.02877697841726619,0.9928057553956835,0.007194244604316547,0.007194244604316547,100.0
228,2,28,124,901,1.0,0.03225806451612903,1.0,0.0,0.0,100.0
229,2,29,131,926,1.0,0.015267175572519083,1.0,0.0,0.0,101.0
230,2,30,129,956,1.0,0.023255813953488372,1.0,0.0,0.0,100.0
231,2,31,141,985,1.0,0.03546099290780142,1.0,0.0,0.0,100.0
232,2,32,129,1026,1.0,0.046511627906976744,1.0,0.0,0.0,100.0
233,2,33,129,1055,1.0,0.03875968992248062,1.0,0.0,0.0,100.0
234,2,34,129,1084,1.0,0.046511627906976744,1.0,0.0,0.0,100.0
235,2,35,129,1113,1.0,0.046511627906976744,1.0,0.0,0.0,100.0
236,2,36,125,1142,1.0,0.032,1.0,0.0,0.0,100.0
237,2,37,132,1167,1.0,0.030303030303030304,1.0,0.0,0.0,100.0
238,2,38,133,1199,1.0,0.03759398496240601,1.0,0.0,0.0,100.0
239,2,39,124,1232,1.0,0.04032258064516129,1.0,0.0,0.0,100.0
240,2,40,133,1256,1.0,0.03759398496240601,1.0,0.0,0.0,100.0
241,2,41,130,1289,1.0,0.06153846153846154,1.0,0.0,0.0,100.0
242,2,42,125,1319,1.0,0.064,1.0,0.0,0.0,100.0
243,2,43,140,1344,1.0,0.07142857142857142,1.0,0.0,0.0,100.0
244,2,44,132,1384,1.0,0.09848484848484848,1.0,0.0,0.0,100.0
245,2,45,135,1416,1.0,0.14814814814814814,1.0,0.0,0.0,100.0
246,2,46,129,1451,1.0,0.17054263565891473,1.0,0.0,0.0,100.0
247,2,47,130,1480,1.0,0.19230769230769232,1.0,0.0,0.0,100.0
248,2,48,130,1510,1.0,0.23846153846153847,1.0,0.0,0.0,100.0
249,2,49,126,1540,1.0,0.2619047619047619,1.0,0.0,0.0,100.0
250,2,50,137,1566,1.0,0.24087591240875914,1.0,0.0,0.0,100.0
251,2,51,135,1603,1.0,0.25925925925925924,1.0,0.0,0.0,100.0
252,2,52,131,1638,1.0,0.32061068702290074,1.0,0.0,0.0,100.0
253,2,53,142,1669,1.0,0.31690140845070425,1.0,0.0,0.0,100.0
254,2,54,138,1711,1.0,0.37681159420289856,1.0,0.0,0.0,100.0
255,2,55,140,1749,1.0,0.45,1.0,0.0,0.0,100.0
256,2,56,131,1789,1.0,0.549618320610687,1.0,0.0,0.0,100.0
257,2,57,129,1820,1.0,0.5813953488372093,1.0,0.0,0.0,100.0
258,2,58,131,1849,1.0,0.6412213740458015,1.0,0.0,0.0,100.0
259,2,59,137,1880,1.0,0.7226277372262774,1.0,0.0,0.0,100.0
260,2,60,134,1917,1.0,0.8134328358208955,1.0,0.0,0.0,100.0
261,2,61,127,1951,1.0,0.937007874015748,1.0,0.0,0.0,100.0
262,2,62,141,1978,1.0,1.0,1.0,0.0,0.0,100.0
263,2,63,132,2019,1.0,1.0,1.0,0.0,0.0,100.0
264,2,64,130,2051,1.0,1.0,1.0,0.0,0.0,100.0
265,2,65,134,2081,1.0,1.0,1.0,0.0,0.0,100.0
266,2,66,131,2115,1.0,1.0,1.0,0.0,0.0,100.0
267,2,67,131,2146,1.0,1.0,1.0,0.0,0.0,100.0
268,2,68,131,2177,1.0,1.0,1.0,0.0,0.0,100.0
269,2,69,136,2208,1.0,1.0,1.0,0.0,0.0,100.0
270,2,70,131,2244,1.0,1.0,1.0,0.0,0.0,100.0
271,2,71,138,2275,1.0,1.0,1.0,0.0,0.0,100.0
272,2,72,134,2313,1.0,1.0,1.0,0.0,0.0,100.0
273,2,73,137,2347,1.0,1.0,1.0,0.0,0.0,100.0
274,2,74,139,2384,1.0,1.0,1.0,0.0,0.0,100.0
275,2,75,135,2423,1.0,1.0,1.0,0.0,0.0,100.0
276,2,76,131,2458,1.0,1.0,1.0,0.0,0.0,100.0
277,2,77,129,2489,1.0,1.0,1.0,0.0,0.0,100.0
278,2,78,141,2518,1.0,1.0,1.0,0.0,0.0,100.0
279,2,79,139,2559,1.0,1.0,1.0,0.0,0.0,100.0
280,2,80,132,2598,1.0,1.0,1.0,0.0,0.0,100.0
281,2,81,134,2630,1.0,1.0,1.0,0.0,0.0,100.0
282,2,82,134,2664,1.0,1.0,1.0,0.0,0.0,100.0
283,2,83,127,2698,1.0,1.0,1.0,0.0,0.0,100.0
284,2,84,133,2725,1.0,1.0,1.0,0.0,0.0,100.0
285,2,85,129,2758,1.0,1.0,1.0,0.0,0.0,100.0
286,2,86,134,2787,1.0,1.0,1.0,0.0,0.0,100.0
287,2,87,135,2821,1.0,1.0,1.0,0.0,0.0,100.0
288,2,88,142,2856,1.0,1.0,1.0,0.0,0.0,100.0
289,2,89,125,2898,1.0,1.0,1.0,0.0,0.0,100.0
290,2,90,130,2923,1.0,1.0,1.0,0.0,0.0,100.0
291,2,91,131,2953,1.0,1.0,1.0,0.0,0.0,100.0
292,2,92,143,2984,1.0,1.0,1.0,0.0,0.0,100.0
293,2,93,144,3027,1.0,1.0,1.0,0.0,0.0,100.0
294,2,94,142,3071,1.0,1.0,1.0,0.0,0.0,100.0
295,2,95,132,3113,1.0,1.0,1.0,0.0,0.0,100.0
296,2,96,136,3145,1.0,1.0,1.0,0.0,0.0,100.0
297,2,97,126,3181,1.0,1.0,1.0,0.0,0.0,100.0
298,2,98,142,3207,1.0,1.0,1.0,0.0,0.0,100.0
299,2,99,129,3249,1.0,1.0,1.0,0.0,0.0,100.0
300,3,0,129,0,0.05426356589147287,0.0,0.05426356589147287,0.9457364341085271,0.11627906976744186,100.0
301,3,1,131,29,0.13740458015267176,0.0,0.13740458015267176,0.8625954198473282,0.21374045801526717,100.0
302,3,2,107,30,0.18691588785046728,0.0,0.18691588785046728,0.8130841121495327,0.32710280373831774,118.0
303,3,3,148,30,0.3310810810810811,0.0,0.3310810810810811,0.668918918918919,0.2635135135135135,111.0
304,3,4,125,81,0.36,0.0,0.36,0.64,0.288,114.0
305,3,5,154,93,0.44155844155844154,0.0,0.44155844155844154,0.5584415584415584,0.2597402597402597,101.0
306,3,6,132,146,0.5227272727272727,0.007575757575757576,0.5227272727272727,0.4772727272727273,0.29545454545454547,100.0
307,3,7,132,178,0.5681818181818182,0.007575757575757576,0.5681818181818182,0.4318181818181818,0.30303030303030304,100.0
308,3,8,131,210,0.5572519083969466,0.007633587786259542,0.5572519083969466,0.44274809160305345,0.3282442748091603,100.0
309,3,9,130,241,0.6307692307692307,0.0,0.6307692307692307,0.36923076923076925,0.2923076923076923,100.0
310,3,10,131,271,0.648854961832061,0.015267175572519083,0.648854961832061,0.3511450381679389,0.2748091603053435,100.0
311,3,11,128,302,0.625,0.0234375,0.625,0.375,0.3203125,100.0
312,3,12,100,321,0.56,0.09,0.56,0.44,0.37,125.0
313,3,13,16,324,0.5,0.0,0.5,0.5,0.25,215.0
314,3,14,16,326,0.4375,0.0,0.4375,0.5625,0.375,301.0
315,3,15,15,330,0.3333333333333333,0.0,0.3333333333333333,0.6666666666666666,0.3333333333333333,389.0
316,3,16,19,331,0.3684210526315789,0.0,0.3684210526315789,0.631578947368421,0.3684210526315789,475.0
317,3,17,22,334,0.45454545454545453,0.0,0.45454545454545453,0.5454545454545454,0.3181818181818182,559.0
318,3,18,22,340,0.5,0.0,0.5,0.5,0.22727272727272727,643.0
319,3,19,27,342,0.5185185185185185,0.0,0.5185185185185185,0.48148148148148145,0.3333333333333333,723.0
320,3,20,32,345,0.59375,0.0,0.59375,0.40625,0.3125,799.0
321,3,21,26,348,0.6923076923076923,0.0,0.6923076923076923,0.3076923076923077,0.3076923076923077,879.0
322,3,22,30,353,0.7,0.0,0.7,0.3,0.3,958.0
323,3,23,33,358,0.7878787878787878,0.0,0.7878787878787878,0.21212121212121213,0.21212121212121213,1033.0
324,3,24,36,362,0.7777777777777778,0.0,0.7777777777777778,0.2222222222222222,0.2222222222222222,1104.0
325,3,25,37,368,0.7837837837837838,0.0,0.7837837837837838,0.21621621621621623,0.21621621621621623,1174.0
326,3,26,42,374,0.7142857142857143,0.0,0.7142857142857143,0.2857142857142857,0.2857142857142857,1243.0
327,3,27,43,383,0.6744186046511628,0.0,0.6744186046511628,0.32558139534883723,0.32558139534883723,1310.0
328,3,28,48,391,0.6666666666666666,0.0,0.6666666666666666,0.3333333333333333,0.3333333333333333,1375.0
329,3,29,51,398,0.5882352941176471,0.0,0.5882352941176471,0.4117647058823529,0.4117647058823529,1434.0
330,3,30,54,405,0.6481481481481481,0.0,0.6481481481481481,0.35185185185185186,0.35185185185185186,1490.0
331,3,31,59,416,0.6779661016949152,0.0,0.6779661016949152,0.3220338983050847,0.3220338983050847,1547.0
332,3,32,67,426,0.6865671641791045,0.0,0.6865671641791045,0.31343283582089554,0.31343283582089554,1598.0
333,3,33,68,439,0.6470588235294118,0.0,0.6470588235294118,0.35294117647058826,0.35294117647058826,1644.0
334,3,34,79,449,0.7088607594936709,0.0,0.7088607594936709,0.2911392405063291,0.2911392405063291,1686.0
335,3,35,95,459,0.7263157894736842,0.0,0.7263157894736842,0.2736842105263158,0.2736842105263158,1717.0
336,3,36,109,475,0.7706422018348624,0.0,0.7706422018348624,0.22935779816513763,0.22935779816513763,1738.0
337,3,37,125,493,0.768,0.0,0.768,0.232,0.232,1747.0
338,3,38,146,507,0.821917808219178,0.0,0.821917808219178,0.1780821917808219,0.1780821917808219,1736.0
339,3,39,169,528,0.834319526627219,0.0,0.834319526627219,0.16568047337278108,0.16568047337278108,1711.0
340,3,40,69,538,1.0,0.0,1.0,0.0,0.0,1762.0
341,3,41,79,550,1.0,0.0,1.0,0.0,0.0,1805.0
342,3,42,93,561,1.0,0.0,1.0,0.0,0.0,1837.0
343,3,43,106,573,1.0,0.0,1.0,0.0,0.0,1856.0
344,3,44,129,587,1.0,0.0,1.0,0.0,0.0,1864.0
345,3,45,149,607,1.0,0.0,1.0,0.0,0.0,1855.0
346,3,46,176,629,1.0,0.0,1.0,0.0,0.0,1828.0
347,3,47,189,654,1.0,0.0,1.0,0.0,0.0,1777.0
348,3,48,214,679,1.0,0.0,1.0,0.0,0.0,1713.0
349,3,49,227,716,1.0,0.0,1.0,0.0,0.0,1636.0
350,3,50,253,756,1.0,0.0,1.0,0.0,0.0,1549.0
351,3,51,280,805,1.0,0.0,1.0,0.0,0.0,1445.0
352,3,52,319,843,1.0,0.0,1.0,0.0,0.0,1303.0
353,3,53,367,893,1.0,0.0,1.0,0.0,0.0,1134.0
354,3,54,424,943,1.0,0.0,1.0,0.0,0.0,917.0
355,3,55,481,1009,1.0,0.0,1.0,0.0,0.0,659.0
356,3,56,525,1085,1.0,0.0,1.0,0.0,0.0,354.0
357,3,57,470,1256,1.0,0.0,1.0,0.0,0.0,100.0
358,3,58,134,1626,1.0,0.0,1.0,0.0,0.0,100.0
359,3,59,135,1660,1.0,0.0,1.0,0.0,0.0,100.0
360,3,60,141,1695,1.0,0.0,1.0,0.0,0.0,100.0
361,3,61,131,1736,1.0,0.0,1.0,0.0,0.0,100.0
362,3,62,130,1767,1.0,0.0,1.0,0.0,0.0,100.0
363,3,63,140,1797,1.0,0.0,1.0,0.0,0.0,100.0
364,3,64,140,1837,1.0,0.0,1.0,0.0,0.0,100.0
365,3,65,131,1877,1.0,0.0,1.0,0.0,0.0,100.0
366,3,66,140,1908,1.0,0.0,1.0,0.0,0.0,100.0
367,3,67,133,1948,1.0,0.0,1.0,0.0,0.0,100.0
368,3,68,129,1981,1.0,0.0,1.0,0.0,0.0,100.0
369,3,69,131,2010,1.0,0.0,1.0,0.0,0.0,100.0
370,3,70,130,2041,1.0,0.0,1.0,0.0,0.0,100.0
371,3,71,126,2071,1.0,0.0,1.0,0.0,0.0,100.0
372,3,72,136,2097,1.0,0.0,1.0,0.0,0.0,100.0
373,3,73,136,2133,1.0,0.0,1.0,0.0,0.0,100.0
374,3,74,133,2169,1.0,0.0,1.0,0.0,0.0,100.0
375,3,75,135,2202,1.0,0.0,1.0,0.0,0.0,100.0
376,3,76,131,2237,1.0,0.0,1.0,0.0,0.0,100.0
377,3,77,131,2268,1.0,0.0,1.0,0.0,0.0,100.0
378,3,78,133,2299,1.0,0.0,1.0,0.0,0.0,100.0
379,3,79,125,2332,1.0,0.0,1.0,0.0,0.0,100.0
380,3,80,133,2357,1.0,0.0,1.0,0.0,0.0,100.0
381,3,81,130,2390,1.0,0.0,1.0,0.0,0.0,100.0
382,3,82,133,2420,1.0,0.0,1.0,0.0,0.0,100.0
383,3,83,134,2453,1.0,0.0,1.0,0.0,0.0,100.0
384,3,84,134,2487,1.0,0.0,1.0,0.0,0.0,100.0
385,3,85,136,2521,1.0,0.0,1.0,0.0,0.0,100.0
386,3,86,130,2557,1.0,0.0,1.0,0.0,0.0,100.0
387,3,87,135,2587,1.0,0.0,1.0,0.0,0.0,100.0
388,3,88,133,2622,1.0,0.0,1.0,0.0,0.0,100.0
389,3,89,130,2655,1.0,0.0,1.0,0.0,0.0,100.0
390,3,90,132,2685,1.0,0.0,1.0,0.0,0.0,100.0
391,3,91,129,2717,1.0,0.0,1.0,0.0,0.0,100.0
392,3,92,134,2746,1.0,0.0,1.0,0.0,0.0,100.0
393,3,93,132,2780,1.0,0.0,1.0,0.0,0.0,100.0
394,3,94,141,2812,1.0,0.0,1.0,0.0,0.0,100.0
395,3,95,143,2853,1.0,0.0,1.0,0.0,0.0,100.0
396,3,96,128,2896,1.0,0.0,1.0,0.0,0.0,100.0
397,3,97,131,2924,1.0,0.0,1.0,0.0,0.0,100.0
398,3,98,137,2955,1.0,0.0,1.0,0.0,0.0,100.0
399,3,99,124,2992,1.0,0.0,1.0,0.0,0.0,100.0
400,4,0,120,0,0.08333333333333333,0.008333333333333333,0.08333333333333333,0.9166666666666666,0.10833333333333334,100.0
401,4,1,125,20,0.216,0.008,0.216,0.784,0.168,100.0
402,4,2,0,21,0,0,0,0,0,200.0
403,4,3,0,21,0,0,0,0,0,300.0
404,4,4,0,21,0,0,0,0,0,400.0
405,4,5,0,21,0,0,0,0,0,500.0
406,4,6,0,21,0,0,0,0,0,600.0
407,4,7,0,21,0,0,0,0,0,700.0
408,4,8,0,21,0,0,0,0,0,800.0
409,4,9,0,21,0,0,0,0,0,900.0
410,4,10,0,21,0,0,0,0,0,1000.0
411,4,11,0,21,0,0,0,0,0,1100.0
412,4,12,0,21,0,0,0,0,0,1200.0
413,4,13,0,21,0,0,0,0,0,1300.0
414,4,14,0,21,0,0,0,0,0,1400.0
415,4,15,0,21,0,0,0,0,0,1500.0
416,4,16,0,21,0,0,0,0,0,1600.0
417,4,17,0,21,0,0,0,0,0,1700.0
418,4,18,0,21,0,0,0,0,0,1800.0
419,4,19,0,21,0,0,0,0,0,1900.0
420,4,20,0,21,0,0,0,0,0,2000.0
421,4,21,0,21,0,0,0,0,0,2100.0
422,4,22,0,21,0,0,0,0,0,2200.0
423,4,23,0,21,0,0,0,0,0,2300.0
424,4,24,0,21,0,0,0,0,0,2400.0
425,4,25,0,21,0,0,0,0,0,2500.0
426,4,26,0,21,0,0,0,0,0,2600.0
427,4,27,0,21,0,0,0,0,0,2700.0
428,4,28,0,21,0,0,0,0,0,2800.0
429,4,29,0,21,0,0,0,0,0,2900.0
430,4,30,0,21,0,0,0,0,0,3000.0
431,4,31,0,21,0,0,0,0,0,3100.0
432,4,32,0,21,0,0,0,0,0,3200.0
433,4,33,0,21,0,0,0,0,0,3300.0
434,4,34,0,21,0,0,0,0,0,3400.0
435,4,35,0,21,0,0,0,0,0,3500.0
436,4,36,0,21,0,0,0,0,0,3600.0
437,4,37,0,21,0,0,0,0,0,3700.0
438,4,38,0,21,0,0,0,0,0,3800.0
439,4,39,0,21,0,0,0,0,0,3900.0
440,4,40,0,21,0,0,0,0,0,4000.0
441,4,41,0,21,0,0,0,0,0,4100.0
442,4,42,0,21,0,0,0,0,0,4200.0
443,4,43,0,21,0,0,0,0,0,4300.0
444,4,44,0,21,0,0,0,0,0,4400.0
445,4,45,0,21,0,0,0,0,0,4500.0
446,4,46,0,21,0,0,0,0,0,4600.0
447,4,47,0,21,0,0,0,0,0,4700.0
448,4,48,0,21,0,0,0,0,0,4800.0
449,4,49,0,21,0,0,0,0,0,4900.0
450,4,50,0,21,0,0,0,0,0,5000.0
451,4,51,0,21,0,0,0,0,0,5100.0
452,4,52,0,21,0,0,0,0,0,5200.0
453,4,53,0,21,0,0,0,0,0,5300.0
454,4,54,0,21,0,0,0,0,0,5400.0
455,4,55,0,21,0,0,0,0,0,5500.0
456,4,56,0,21,0,0,0,0,0,5600.0
457,4,57,0,21,0,0,0,0,0,5700.0
458,4,58,0,21,0,0,0,0,0,5800.0
459,4,59,0,21,0,0,0,0,0,5900.0
460,4,60,0,21,0,0,0,0,0,6000.0
461,4,61,0,21,0,0,0,0,0,6100.0
462,4,62,0,21,0,0,0,0,0,6200.0
463,4,63,0,21,0,0,0,0,0,6300.0
464,4,64,0,21,0,0,0,0,0,6400.0
465,4,65,0,21,0,0,0,0,0,6500.0
466,4,66,0,21,0,0,0,0,0,6600.0
467,4,67,0,21,0,0,0,0,0,6700.0
468,4,68,0,21,0,0,0,0,0,6800.0
469,4,69,0,21,0,0,0,0,0,6900.0
470,4,70,0,21,0,0,0,0,0,7000.0
471,4,71,0,21,0,0,0,0,0,7100.0
472,4,72,0,21,0,0,0,0,0,7200.0
473,4,73,0,21,0,0,0,0,0,7300.0
474,4,74,0,21,0,0,0,0,0,7400.0
475,4,75,0,21,0,0,0,0,0,7500.0
476,4,76,0,21,0,0,0,0,0,7600.0
477,4,77,0,21,0,0,0,0,0,7700.0
478,4,78,0,21,0,0,0,0,0,7800.0
479,4,79,0,21,0,0,0,0,0,7900.0
480,4,80,0,21,0,0,0,0,0,8000.0
481,4,81,0,21,0,0,0,0,0,8100.0
482,4,82,0,21,0,0,0,0,0,8200.0
483,4,83,0,21,0,0,0,0,0,8300.0
484,4,84,0,21,0,0,0,0,0,8400.0
485,4,85,0,21,0,0,0,0,0,8500.0
486,4,86,0,21,0,0,0,0,0,8600.0
487,4,87,0,21,0,0,0,0,0,8700.0
488,4,88,0,21,0,0,0,0,0,8800.0
489,4,89,0,21,0,0,0,0,0,8900.0
490,4,90,0,21,0,0,0,0,0,9000.0
491,4,91,0,21,0,0,0,0,0,9100.0
492,4,92,0,21,0,0,0,0,0,9200.0
493,4,93,0,21,0,0,0,0,0,9300.0
494,4,94,0,21,0,0,0,0,0,9400.0
495,4,95,0,21,0,0,0,0,0,9500.0
496,4,96,0,21,0,0,0,0,0,9600.0
497,4,97,0,21,0,0,0,0,0,9700.0
498,4,98,0,21,0,0,0,0,0,9800.0
499,4,99,0,21,0,0,0,0,0,9900.0
500,5,0,135,0,0.08148148148148149,0.0,0.08148148148148149,0.9185185185185185,0.1037037037037037,9900.0
501,5,1,29,1,0.10344827586206896,0.06896551724137931,0.10344827586206896,0.896551724137931,0.10344827586206896,9979.0
502,5,2,35,1,0.11428571428571428,0.08571428571428572,0.11428571428571428,0.8857142857142857,0.22857142857142856,10050.0
503,5,3,22,2,0.18181818181818182,0.13636363636363635,0.18181818181818182,0.8181818181818182,0.4090909090909091,10131.0
504,5,4,18,8,0.16666666666666666,0.2222222222222222,0.16666666666666666,0.8333333333333334,0.4444444444444444,10215.0
505,5,5,16,13,0.4375,0.3125,0.4375,0.5625,0.5,10302.0
506,5,6,14,18,0.35714285714285715,0.2857142857142857,0.35714285714285715,0.6428571428571429,0.5,10391.0
507,5,7,13,21,0.3076923076923077,0.3076923076923077,0.3076923076923077,0.6923076923076923,0.5384615384615384,10480.0
508,5,8,16,24,0.1875,0.4375,0.1875,0.8125,0.6875,10570.0
509,5,9,20,26,0.25,0.35,0.25,0.75,0.55,10656.0
510,5,10,24,29,0.2916666666666667,0.3333333333333333,0.2916666666666667,0.7083333333333334,0.5,10739.0
511,5,11,33,32,0.45454545454545453,0.3333333333333333,0.45454545454545453,0.5454545454545454,0.3333333333333333,10818.0
512,5,12,43,34,0.5348837209302325,0.3488372093023256,0.5348837209302325,0.46511627906976744,0.32558139534883723,10887.0
513,5,13,45,40,0.6444444444444445,0.28888888888888886,0.6444444444444445,0.35555555555555557,0.26666666666666666,10950.0
514,5,14,50,46,0.66,0.28,0.66,0.34,0.26,11011.0
515,5,15,54,53,0.7222222222222222,0.25925925925925924,0.7222222222222222,0.2777777777777778,0.2222222222222222,11068.0
516,5,16,57,65,0.7017543859649122,0.24561403508771928,0.7017543859649122,0.2982456140350877,0.22807017543859648,11126.0
517,5,17,62,77,0.8064516129032258,0.22580645161290322,0.8064516129032258,0.1935483870967742,0.16129032258064516,11181.0
518,5,18,71,85,0.8169014084507042,0.28169014084507044,0.8169014084507042,0.18309859154929578,0.18309859154929578,11227.0
519,5,19,78,96,0.8461538461538461,0.3076923076923077,0.8461538461538461,0.15384615384615385,0.15384615384615385,11267.0
520,5,20,90,107,0.8888888888888888,0.26666666666666666,0.8888888888888888,0.1111111111111111,0.1111111111111111,11300.0
521,5,21,98,122,0.9183673469387755,0.2653061224489796,0.9183673469387755,0.08163265306122448,0.08163265306122448,11325.0
522,5,22,113,139,0.9203539823008849,0.26548672566371684,0.9203539823008849,0.07964601769911504,0.07964601769911504,11344.0
523,5,23,124,156,0.9435483870967742,0.27419354838709675,0.9435483870967742,0.056451612903225805,0.056451612903225805,11348.0
524,5,24,142,174,0.9366197183098591,0.22535211267605634,0.9366197183098591,0.06338028169014084,0.06338028169014084,11342.0
525,5,25,157,197,0.9426751592356688,0.267515923566879,0.9426751592356688,0.05732484076433121,0.05732484076433121,11323.0
526,5,26,182,220,0.9340659340659341,0.2967032967032967,0.9340659340659341,0.06593406593406594,0.06593406593406594,11289.0
527,5,27,196,252,0.9387755102040817,0.3112244897959184,0.9387755102040817,0.061224489795918366,0.061224489795918366,11239.0
528,5,28,220,280,0.9590909090909091,0.2772727272727273,0.9590909090909091,0.04090909090909091,0.04090909090909091,11171.0
529,5,29,238,316,0.9705882352941176,0.29411764705882354,0.9705882352941176,0.029411764705882353,0.029411764705882353,11087.0
530,5,30,268,354,0.9626865671641791,0.30223880597014924,0.9626865671641791,0.03731343283582089,0.03731343283582089,10987.0
531,5,31,282,402,0.9822695035460993,0.2872340425531915,0.9822695035460993,0.01773049645390071,0.01773049645390071,10867.0
532,5,32,312,448,0.9839743589743589,0.2916666666666667,0.9839743589743589,0.016025641025641024,0.016025641025641024,10731.0
533,5,33,334,500,0.9880239520958084,0.2844311377245509,0.9880239520958084,0.011976047904191617,0.011976047904191617,10571.0
534,5,34,382,554,0.9895287958115183,0.27486910994764396,0.9895287958115183,0.010471204188481676,0.010471204188481676,10391.0
535,5,35,420,622,0.9928571428571429,0.25,0.9928571428571429,0.007142857142857143,0.007142857142857143,10177.0
536,5,36,466,684,0.9914163090128756,0.23819742489270387,0.9914163090128756,0.008583690987124463,0.008583690987124463,9919.0
537,5,37,500,760,0.992,0.214,0.992,0.008,0.008,9629.0
538,5,38,568,834,0.9929577464788732,0.22359154929577466,0.9929577464788732,0.007042253521126761,0.007042253521126761,9303.0
539,5,39,636,936,0.9937106918238994,0.22955974842767296,0.9937106918238994,0.006289308176100629,0.006289308176100629,8937.0
540,5,40,700,1042,0.9942857142857143,0.22857142857142856,0.9942857142857143,0.005714285714285714,0.005714285714285714,8507.0
541,5,41,784,1150,0.9948979591836735,0.23214285714285715,0.9948979591836735,0.00510204081632653,0.00510204081632653,8015.0
542,5,42,878,1260,0.9965831435079726,0.2437357630979499,0.9965831435079726,0.003416856492027335,0.003416856492027335,7441.0
543,5,43,983,1402,0.9959308240081384,0.2451678535096643,0.9959308240081384,0.004069175991861648,0.004069175991861648,6805.0
544,5,44,1093,1572,0.9981701738334858,0.242451967063129,0.9981701738334858,0.0018298261665141812,0.0018298261665141812,6092.0
545,5,45,1210,1742,1.0,0.24958677685950414,1.0,0.0,0.0,5269.0
546,5,46,1376,1934,1.0,0.25218023255813954,1.0,0.0,0.0,4351.0
547,5,47,1564,2138,1.0,0.25127877237851665,1.0,0.0,0.0,3279.0
548,5,48,1717,2385,1.0,0.25917297612114154,1.0,0.0,0.0,2062.0
549,5,49,1930,2665,1.0,0.26735751295336785,1.0,0.0,0.0,725.0
550,5,50,962,3870,1.0,0.3305613305613306,1.0,0.0,0.0,100.0
551,5,51,132,4732,1.0,0.0,1.0,0.0,0.0,100.0
552,5,52,134,4764,1.0,0.0,1.0,0.0,0.0,100.0
553,5,53,124,4798,1.0,0.0,1.0,0.0,0.0,100.0
554,5,54,129,4822,1.0,0.0,1.0,0.0,0.0,100.0
555,5,55,133,4851,1.0,0.0,1.0,0.0,0.0,100.0
556,5,56,134,4884,1.0,0.0,1.0,0.0,0.0,100.0
557,5,57,130,4918,1.0,0.0,1.0,0.0,0.0,100.0
558,5,58,134,4948,1.0,0.0,1.0,0.0,0.0,100.0
559,5,59,129,4982,1.0,0.0,1.0,0.0,0.0,100.0
560,5,60,133,5011,1.0,0.0,1.0,0.0,0.0,100.0
561,5,61,131,5044,1.0,0.0,1.0,0.0,0.0,100.0
562,5,62,130,5075,1.0,0.0,1.0,0.0,0.0,100.0
563,5,63,135,5105,1.0,0.0,1.0,0.0,0.0,100.0
564,5,64,132,5140,1.0,0.0,1.0,0.0,0.0,100.0
565,5,65,140,5172,1.0,0.0,1.0,0.0,0.0,100.0
566,5,66,138,5212,1.0,0.0,1.0,0.0,0.0,100.0
567,5,67,134,5250,1.0,0.0,1.0,0.0,0.0,100.0
568,5,68,140,5284,1.0,0.0,1.0,0.0,0.0,100.0
569,5,69,126,5324,1.0,0.0,1.0,0.0,0.0,100.0
570,5,70,126,5350,1.0,0.0,1.0,0.0,0.0,100.0
571,5,71,131,5376,1.0,0.0,1.0,0.0,0.0,100.0
572,5,72,137,5407,1.0,0.0,1.0,0.0,0.0,100.0
573,5,73,138,5444,1.0,0.0,1.0,0.0,0.0,100.0
574,5,74,135,5482,1.0,0.0,1.0,0.0,0.0,100.0
575,5,75,137,5517,1.0,0.0,1.0,0.0,0.0,100.0
576,5,76,132,5554,1.0,0.0,1.0,0.0,0.0,100.0
577,5,77,129,5586,1.0,0.0,1.0,0.0,0.0,100.0
578,5,78,132,5615,1.0,0.0,1.0,0.0,0.0,100.0
579,5,79,127,5647,1.0,0.0,1.0,0.0,0.0,100.0
580,5,80,125,5674,1.0,0.0,1.0,0.0,0.0,100.0
581,5,81,136,5699,1.0,0.0,1.0,0.0,0.0,100.0
582,5,82,138,5735,1.0,0.0,1.0,0.0,0.0,100.0
583,5,83,128,5773,1.0,0.0,1.0,0.0,0.0,100.0
584,5,84,137,5801,1.0,0.0,1.0,0.0,0.0,100.0
585,5,85,139,5838,1.0,0.0,1.0,0.0,0.0,100.0
586,5,86,148,5877,1.0,0.0,1.0,0.0,0.0,100.0
587,5,87,133,5925,1.0,0.0,1.0,0.0,0.0,100.0
588,5,88,122,5958,1.0,0.0,1.0,0.0,0.0,100.0
589,5,89,135,5980,1.0,0.0,1.0,0.0,0.0,100.0
590,5,90,137,6015,1.0,0.0,1.0,0.0,0.0,100.0
591,5,91,134,6052,1.0,0.0,1.0,0.0,0.0,100.0
592,5,92,134,6086,1.0,0.0,1.0,0.0,0.0,100.0
593,5,93,127,6120,1.0,0.0,1.0,0.0,0.0,100.0
594,5,94,136,6147,1.0,0.0,1.0,0.0,0.0,100.0
595,5,95,138,6183,1.0,0.0,1.0,0.0,0.0,100.0
596,5,96,141,6221,1.0,0.0,1.0,0.0,0.0,100.0
597,5,97,127,6262,1.0,0.0,1.0,0.0,0.0,100.0
598,5,98,129,6289,1.0,0.0,1.0,0.0,0.0,100.0
599,5,99,135,6318,1.0,0.0,1.0,0.0,0.0,100.0
600,6,0,104,1,0.038461538461538464,0.0,0.038461538461538464,0.9615384615384616,0.09615384615384616,122.0
601,6,1,138,1,0.11594202898550725,0.0,0.11594202898550725,0.8840579710144928,0.17391304347826086,118.0
602,6,2,163,21,0.2085889570552147,0.0,0.2085889570552147,0.7914110429447853,0.2147239263803681,100.0
603,6,3,96,22,0.3541666666666667,0.0,0.3541666666666667,0.6458333333333334,0.22916666666666666,130.0
604,6,4,59,45,0.3559322033898305,0.0,0.3559322033898305,0.6440677966101694,0.22033898305084745,182.0
605,6,5,62,54,0.46774193548387094,0.0,0.46774193548387094,0.532258064516129,0.20967741935483872,232.0
606,6,6,68,60,0.5588235294117647,0.0,0.5588235294117647,0.4411764705882353,0.19117647058823528,276.0
607,6,7,71,76,0.6619718309859155,0.0,0.6619718309859155,0.3380281690140845,0.16901408450704225,324.0
608,6,8,66,93,0.696969696969697,0.0,0.696969696969697,0.30303030303030304,0.13636363636363635,370.0
609,6,9,71,104,0.7183098591549296,0.0,0.7183098591549296,0.28169014084507044,0.09859154929577464,415.0
610,6,10,77,116,0.7272727272727273,0.0,0.7272727272727273,0.2727272727272727,0.07792207792207792,456.0
611,6,11,55,126,0.7090909090909091,0.0,0.7090909090909091,0.2909090909090909,0.14545454545454545,510.0
612,6,12,7,131,0.5714285714285714,0.0,0.5714285714285714,0.42857142857142855,0.42857142857142855,603.0
613,6,13,9,132,0.6666666666666666,0.0,0.6666666666666666,0.3333333333333333,0.3333333333333333,697.0
614,6,14,9,134,0.5555555555555556,0.0,0.5555555555555556,0.4444444444444444,0.4444444444444444,790.0
615,6,15,10,136,0.7,0.0,0.7,0.3,0.3,883.0
616,6,16,11,138,0.7272727272727273,0.0,0.7272727272727273,0.2727272727272727,0.2727272727272727,975.0
617,6,17,17,138,0.7647058823529411,0.0,0.7647058823529411,0.23529411764705882,0.23529411764705882,1064.0
618,6,18,19,141,0.7368421052631579,0.0,0.7368421052631579,0.2631578947368421,0.2631578947368421,1150.0
619,6,19,9,142,0.7777777777777778,0.0,0.7777777777777778,0.2222222222222222,0.2222222222222222,1241.0
620,6,20,10,143,0.7,0.0,0.7,0.3,0.3,1333.0
621,6,21,11,146,0.7272727272727273,0.0,0.7272727272727273,0.2727272727272727,0.2727272727272727,1426.0
622,6,22,13,148,0.5384615384615384,0.0,0.5384615384615384,0.46153846153846156,0.46153846153846156,1517.0
623,6,23,14,151,0.5,0.0,0.5,0.5,0.5,1607.0
624,6,24,18,151,0.5555555555555556,0.0,0.5555555555555556,0.4444444444444444,0.4444444444444444,1693.0
625,6,25,22,153,0.6818181818181818,0.0,0.6818181818181818,0.3181818181818182,0.3181818181818182,1777.0
626,6,26,22,157,0.6363636363636364,0.0,0.6363636363636364,0.36363636363636365,0.36363636363636365,1859.0
627,6,27,22,161,0.7727272727272727,0.0,0.7727272727272727,0.22727272727272727,0.22727272727272727,1941.0
628,6,28,25,165,0.8,0.0,0.8,0.2,0.2,2023.0
629,6,29,27,169,0.7777777777777778,0.0,0.7777777777777778,0.2222222222222222,0.2222222222222222,2102.0
630,6,30,28,175,0.8571428571428571,0.0,0.8571428571428571,0.14285714285714285,0.14285714285714285,2181.0
631,6,31,32,179,0.875,0.0,0.875,0.125,0.125,2257.0
632,6,32,35,183,0.8571428571428571,0.0,0.8571428571428571,0.14285714285714285,0.14285714285714285,2329.0
633,6,33,35,190,0.8285714285714286,0.0,0.8285714285714286,0.17142857142857143,0.17142857142857143,2401.0
634,6,34,36,196,0.7777777777777778,0.0,0.7777777777777778,0.2222222222222222,0.2222222222222222,2472.0
635,6,35,44,203,0.8409090909090909,0.0,0.8409090909090909,0.1590909090909091,0.1590909090909091,2543.0
636,6,36,43,211,0.8372093023255814,0.0,0.8372093023255814,0.16279069767441862,0.16279069767441862,2607.0
637,6,37,49,218,0.8571428571428571,0.0,0.8571428571428571,0.14285714285714285,0.14285714285714285,2671.0
638,6,38,61,225,0.9016393442622951,0.0,0.9016393442622951,0.09836065573770492,0.09836065573770492,2729.0
639,6,39,75,232,0.9466666666666667,0.0,0.9466666666666667,0.05333333333333334,0.05333333333333334,2775.0
640,6,40,79,247,0.9493670886075949,0.0,0.9493670886075949,0.05063291139240506,0.05063291139240506,2815.0
641,6,41,87,254,0.9655172413793104,0.0,0.9655172413793104,0.034482758620689655,0.034482758620689655,2843.0
642,6,42,98,267,0.9897959183673469,0.0,0.9897959183673469,0.01020408163265306,0.01020408163265306,2869.0
643,6,43,105,286,0.9809523809523809,0.0,0.9809523809523809,0.01904761904761905,0.01904761904761905,2890.0
644,6,44,106,307,0.9905660377358491,0.0,0.9905660377358491,0.009433962264150943,0.009433962264150943,2906.0
645,6,45,121,326,0.9917355371900827,0.0,0.9917355371900827,0.008264462809917356,0.008264462809917356,2919.0
646,6,46,142,341,1.0,0.0,1.0,0.0,0.0,2913.0
647,6,47,153,365,1.0,0.0,1.0,0.0,0.0,2895.0
648,6,48,171,391,1.0,0.0,1.0,0.0,0.0,2868.0
649,6,49,197,413,1.0,0.0,1.0,0.0,0.0,2819.0
650,6,50,218,447,1.0,0.0,1.0,0.0,0.0,2756.0
651,6,51,253,483,1.0,0.0,1.0,0.0,0.0,2674.0
652,6,52,286,518,1.0,0.0,1.0,0.0,0.0,2556.0
653,6,53,318,562,1.0,0.0,1.0,0.0,0.0,2414.0
654,6,54,359,610,1.0,0.0,1.0,0.0,0.0,2244.0
655,6,55,409,665,1.0,0.0,1.0,0.0,0.0,2040.0
656,6,56,442,736,1.0,0.0,1.0,0.0,0.0,1802.0
657,6,57,496,804,1.0,0.0,1.0,0.0,0.0,1528.0
658,6,58,552,880,1.0,0.0,1.0,0.0,0.0,1208.0
659,6,59,613,969,1.0,0.0,1.0,0.0,0.0,845.0
660,6,60,676,1074,1.0,0.0,1.0,0.0,0.0,437.0
661,6,61,563,1313,1.0,0.0,1.0,0.0,0.0,100.0
662,6,62,130,1776,1.0,0.0,1.0,0.0,0.0,100.0
663,6,63,129,1806,1.0,0.0,1.0,0.0,0.0,100.0
664,6,64,123,1835,1.0,0.0,1.0,0.0,0.0,100.0
665,6,65,121,1863,1.0,0.0,1.0,0.0,0.0,105.0
666,6,66,127,1884,1.0,0.0,1.0,0.0,0.0,105.0
667,6,67,144,1907,1.0,0.0,1.0,0.0,0.0,101.0
668,6,68,121,1950,1.0,0.0,1.0,0.0,0.0,100.0
669,6,69,122,1971,1.0,0.0,1.0,0.0,0.0,100.0
670,6,70,128,1994,1.0,0.0,1.0,0.0,0.0,101.0
671,6,71,129,2021,1.0,0.0,1.0,0.0,0.0,100.0
672,6,72,131,2052,1.0,0.0,1.0,0.0,0.0,102.0
673,6,73,133,2081,1.0,0.0,1.0,0.0,0.0,100.0
674,6,74,129,2114,1.0,0.0,1.0,0.0,0.0,100.0
675,6,75,130,2143,1.0,0.0,1.0,0.0,0.0,100.0
676,6,76,131,2173,1.0,0.0,1.0,0.0,0.0,100.0
677,6,77,132,2204,1.0,0.0,1.0,0.0,0.0,100.0
678,6,78,132,2236,1.0,0.0,1.0,0.0,0.0,100.0
679,6,79,129,2268,1.0,0.0,1.0,0.0,0.0,100.0
680,6,80,129,2297,1.0,0.0,1.0,0.0,0.0,100.0
681,6,81,134,2326,1.0,0.0,1.0,0.0,0.0,100.0
682,6,82,137,2360,1.0,0.0,1.0,0.0,0.0,100.0
683,6,83,137,2397,1.0,0.0,1.0,0.0,0.0,100.0
684,6,84,127,2434,1.0,0.0,1.0,0.0,0.0,100.0
685,6,85,136,2461,1.0,0.0,1.0,0.0,0.0,100.0
686,6,86,133,2497,1.0,0.0,1.0,0.0,0.0,100.0
687,6,87,135,2530,1.0,0.0,1.0,0.0,0.0,100.0
688,6,88,133,2565,1.0,0.0,1.0,0.0,0.0,100.0
689,6,89,136,2598,1.0,0.0,1.0,0.0,0.0,100.0
690,6,90,127,2634,1.0,0.0,1.0,0.0,0.0,100.0
691,6,91,131,2661,1.0,0.0,1.0,0.0,0.0,100.0
692,6,92,135,2692,1.0,0.0,1.0,0.0,0.0,100.0
693,6,93,123,2727,1.0,0.0,1.0,0.0,0.0,100.0
694,6,94,133,2751,1.0,0.0,1.0,0.0,0.0,101.0
695,6,95,142,2783,1.0,0.0,1.0,0.0,0.0,100.0
696,6,96,133,2825,1.0,0.0,1.0,0.0,0.0,100.0
697,6,97,124,2858,1.0,0.0,1.0,0.0,0.0,100.0
698,6,98,123,2882,1.0,0.0,1.0,0.0,0.0,100.0
699,6,99,128,2905,1.0,0.0,1.0,0.0,0.0,100.0
700,7,0,51,1,0.0196078431372549,0.0,0.0196078431372549,0.9803921568627451,0.23529411764705882,161.0
701,7,1,65,1,0.1076923076923077,0.0,0.1076923076923077,0.8923076923076924,0.24615384615384617,210.0
702,7,2,72,2,0.20833333333333334,0.0,0.20833333333333334,0.7916666666666666,0.2222222222222222,257.0
703,7,3,92,2,0.32608695652173914,0.0,0.32608695652173914,0.6739130434782609,0.22826086956521738,285.0
704,7,4,10,9,0.4,0.0,0.4,0.6,0.2,376.0
705,7,5,11,11,0.45454545454545453,0.0,0.45454545454545453,0.5454545454545454,0.09090909090909091,468.0
706,7,6,13,12,0.46153846153846156,0.0,0.46153846153846156,0.5384615384615384,0.0,558.0
707,7,7,11,17,0.6363636363636364,0.0,0.6363636363636364,0.36363636363636365,0.0,650.0
708,7,8,14,18,0.7142857142857143,0.0,0.7142857142857143,0.2857142857142857,0.0,740.0
709,7,9,16,19,0.6875,0.0,0.6875,0.3125,0.0,827.0
710,7,10,16,22,0.8125,0.0,0.8125,0.1875,0.0625,914.0
711,7,11,17,25,0.9411764705882353,0.0,0.9411764705882353,0.058823529411764705,0.058823529411764705,1001.0
712,7,12,22,28,0.9090909090909091,0.0,0.9090909090909091,0.09090909090909091,0.09090909090909091,1087.0
713,7,13,22,32,0.9545454545454546,0.0,0.9545454545454546,0.045454545454545456,0.045454545454545456,1169.0
714,7,14,28,35,0.9285714285714286,0.0,0.9285714285714286,0.07142857142857142,0.07142857142857142,1250.0
715,7,15,32,38,0.9375,0.0,0.9375,0.0625,0.0625,1325.0
716,7,16,41,42,0.9512195121951219,0.0,0.9512195121951219,0.04878048780487805,0.04878048780487805,1397.0
717,7,17,42,50,0.9285714285714286,0.0,0.9285714285714286,0.07142857142857142,0.07142857142857142,1464.0
718,7,18,50,54,0.92,0.0,0.92,0.08,0.08,1526.0
719,7,19,59,63,0.8983050847457628,0.0,0.8983050847457628,0.1016949152542373,0.1016949152542373,1585.0
720,7,20,67,70,0.9104477611940298,0.0,0.9104477611940298,0.08955223880597014,0.08955223880597014,1633.0
721,7,21,76,83,0.8947368421052632,0.0,0.8947368421052632,0.10526315789473684,0.10526315789473684,1679.0
722,7,22,80,92,0.8875,0.0,0.8875,0.1125,0.1125,1712.0
723,7,23,90,104,0.8666666666666667,0.0,0.8666666666666667,0.13333333333333333,0.13333333333333333,1744.0
724,7,24,93,122,0.8924731182795699,0.0,0.8924731182795699,0.10752688172043011,0.10752688172043011,1772.0
725,7,25,96,137,0.8854166666666666,0.0,0.8854166666666666,0.11458333333333333,0.11458333333333333,1794.0
726,7,26,93,159,0.8709677419354839,0.010752688172043012,0.8709677419354839,0.12903225806451613,0.12903225806451613,1820.0
727,7,27,106,172,0.8867924528301887,0.009433962264150943,0.8867924528301887,0.11320754716981132,0.11320754716981132,1840.0
728,7,28,108,194,0.9074074074074074,0.009259259259259259,0.9074074074074074,0.09259259259259259,0.09259259259259259,1856.0
729,7,29,120,215,0.925,0.0,0.925,0.075,0.075,1869.0
730,7,30,7,218,0.42857142857142855,0.0,0.42857142857142855,0.5714285714285714,0.5714285714285714,1965.0
731,7,31,8,219,0.75,0.0,0.75,0.25,0.25,2059.0
732,7,32,9,220,0.8888888888888888,0.0,0.8888888888888888,0.1111111111111111,0.1111111111111111,2152.0
733,7,33,13,220,1.0,0.0,1.0,0.0,0.0,2243.0
734,7,34,15,222,1.0,0.0,1.0,0.0,0.0,2332.0
735,7,35,13,225,1.0,0.0,1.0,0.0,0.0,2420.0
736,7,36,13,227,1.0,0.0,1.0,0.0,0.0,2509.0
737,7,37,15,229,1.0,0.0,1.0,0.0,0.0,2598.0
738,7,38,16,233,1.0,0.0,1.0,0.0,0.0,2687.0
739,7,39,16,237,1.0,0.0,1.0,0.0,0.0,2775.0
740,7,40,24,238,1.0,0.0,1.0,0.0,0.0,2860.0
741,7,41,33,240,1.0,0.0,1.0,0.0,0.0,2938.0
742,7,42,40,244,1.0,0.0,1.0,0.0,0.0,3009.0
743,7,43,44,249,1.0,0.0,1.0,0.0,0.0,3074.0
744,7,44,47,253,1.0,0.0,1.0,0.0,0.0,3134.0
745,7,45,53,262,1.0,0.0,1.0,0.0,0.0,3196.0
746,7,46,50,273,1.0,0.0,1.0,0.0,0.0,3254.0
747,7,47,52,284,1.0,0.0,1.0,0.0,0.0,3315.0
748,7,48,55,293,1.0,0.0,1.0,0.0,0.0,3372.0
749,7,49,60,300,1.0,0.0,1.0,0.0,0.0,3424.0
750,7,50,57,315,1.0,0.0,1.0,0.0,0.0,3479.0
751,7,51,65,323,1.0,0.0,1.0,0.0,0.0,3530.0
752,7,52,74,336,1.0,0.0,1.0,0.0,0.0,3578.0
753,7,53,85,348,1.0,0.0,1.0,0.0,0.0,3616.0
754,7,54,101,360,1.0,0.0,1.0,0.0,0.0,3643.0
755,7,55,117,372,1.0,0.0,1.0,0.0,0.0,3654.0
756,7,56,136,388,1.0,0.0,1.0,0.0,0.0,3653.0
757,7,57,154,410,1.0,0.0,1.0,0.0,0.0,3639.0
758,7,58,170,433,1.0,0.0,1.0,0.0,0.0,3608.0
759,7,59,199,461,1.0,0.0,1.0,0.0,0.0,3566.0
760,7,60,221,489,1.0,0.0,1.0,0.0,0.0,3495.0
761,7,61,250,524,1.0,0.0,1.0,0.0,0.0,3409.0
762,7,62,289,564,1.0,0.0,1.0,0.0,0.0,3299.0
763,7,63,329,603,1.0,0.0,1.0,0.0,0.0,3149.0
764,7,64,353,660,1.0,0.0,1.0,0.0,0.0,2977.0
765,7,65,410,710,1.0,0.0,1.0,0.0,0.0,2774.0
766,7,66,468,774,1.0,0.0,1.0,0.0,0.0,2528.0
767,7,67,514,853,1.0,0.0,1.0,0.0,0.0,2239.0
768,7,68,562,932,1.0,0.0,1.0,0.0,0.0,1904.0
769,7,69,646,1013,1.0,0.0,1.0,0.0,0.0,1523.0
770,7,70,713,1120,1.0,0.0,1.0,0.0,0.0,1084.0
771,7,71,794,1242,1.0,0.0,1.0,0.0,0.0,593.0
772,7,72,783,1443,1.0,0.0,1.0,0.0,0.0,100.0
773,7,73,132,2126,1.0,0.0,1.0,0.0,0.0,100.0
774,7,74,135,2158,1.0,0.0,1.0,0.0,0.0,100.0
775,7,75,136,2193,1.0,0.0,1.0,0.0,0.0,100.0
776,7,76,132,2229,1.0,0.0,1.0,0.0,0.0,100.0
777,7,77,139,2261,1.0,0.0,1.0,0.0,0.0,100.0
778,7,78,133,2300,1.0,0.0,1.0,0.0,0.0,100.0
779,7,79,124,2333,1.0,0.0,1.0,0.0,0.0,100.0
780,7,80,137,2357,1.0,0.0,1.0,0.0,0.0,100.0
781,7,81,131,2394,1.0,0.0,1.0,0.0,0.0,100.0
782,7,82,134,2425,1.0,0.0,1.0,0.0,0.0,100.0
783,7,83,128,2459,1.0,0.0,1.0,0.0,0.0,100.0
784,7,84,135,2487,1.0,0.0,1.0,0.0,0.0,100.0
785,7,85,131,2522,1.0,0.0,1.0,0.0,0.0,100.0
786,7,86,132,2553,1.0,0.0,1.0,0.0,0.0,100.0
787,7,87,127,2585,1.0,0.0,1.0,0.0,0.0,100.0
788,7,88,130,2612,1.0,0.0,1.0,0.0,0.0,100.0
789,7,89,130,2642,1.0,0.0,1.0,0.0,0.0,100.0
790,7,90,135,2672,1.0,0.0,1.0,0.0,0.0,100.0
791,7,91,132,2707,1.0,0.0,1.0,0.0,0.0,100.0
792,7,92,130,2739,1.0,0.0,1.0,0.0,0.0,100.0
793,7,93,143,2769,1.0,0.0,1.0,0.0,0.0,100.0
794,7,94,130,2812,1.0,0.0,1.0,0.0,0.0,100.0
795,7,95,132,2842,1.0,0.0,1.0,0.0,0.0,100.0
796,7,96,137,2874,1.0,0.0,1.0,0.0,0.0,100.0
797,7,97,136,2911,1.0,0.0,1.0,0.0,0.0,100.0
798,7,98,139,2947,1.0,0.0,1.0,0.0,0.0,100.0
799,7,99,137,2986,1.0,0.0,1.0,0.0,0.0,100.0
800,8,0,98,1,0.061224489795918366,0.0,0.061224489795918366,0.9387755102040817,0.09183673469387756,126.0
801,8,1,136,1,0.15441176470588236,0.0,0.15441176470588236,0.8455882352941176,0.18382352941176472,128.0
802,8,2,174,9,0.23563218390804597,0.0,0.23563218390804597,0.764367816091954,0.22413793103448276,100.0
803,8,3,72,10,0.2361111111111111,0.0,0.2361111111111111,0.7638888888888888,0.20833333333333334,144.0
804,8,4,66,31,0.36363636363636365,0.0,0.36363636363636365,0.6363636363636364,0.16666666666666666,193.0
805,8,5,73,37,0.4246575342465753,0.0,0.4246575342465753,0.5753424657534246,0.1780821917808219,233.0
806,8,6,25,41,0.56,0.0,0.56,0.44,0.44,317.0
807,8,7,24,46,0.7083333333333334,0.0,0.7083333333333334,0.2916666666666667,0.2916666666666667,397.0
808,8,8,24,51,0.625,0.0,0.625,0.375,0.375,478.0
809,8,9,31,55,0.7096774193548387,0.0,0.7096774193548387,0.2903225806451613,0.2903225806451613,558.0
810,8,10,39,57,0.6923076923076923,0.0,0.6923076923076923,0.3076923076923077,0.3076923076923077,629.0
811,8,11,39,66,0.717948717948718,0.0,0.717948717948718,0.28205128205128205,0.28205128205128205,699.0
812,8,12,51,70,0.7254901960784313,0.0,0.7254901960784313,0.27450980392156865,0.27450980392156865,764.0
813,8,13,56,75,0.8214285714285714,0.0,0.8214285714285714,0.17857142857142858,0.17857142857142858,818.0
814,8,14,56,86,0.7857142857142857,0.0,0.7857142857142857,0.21428571428571427,0.21428571428571427,873.0
815,8,15,42,93,0.9523809523809523,0.0,0.9523809523809523,0.047619047619047616,0.047619047619047616,938.0
816,8,16,42,101,0.9285714285714286,0.0,0.9285714285714286,0.07142857142857142,0.07142857142857142,1004.0
817,8,17,37,114,0.918918918918919,0.0,0.918918918918919,0.08108108108108109,0.08108108108108109,1075.0
818,8,18,39,122,0.9487179487179487,0.0,0.9487179487179487,0.05128205128205128,0.05128205128205128,1146.0
819,8,19,43,128,0.9302325581395349,0.0,0.9302325581395349,0.06976744186046512,0.06976744186046512,1213.0
820,8,20,49,135,0.9183673469387755,0.0,0.9183673469387755,0.08163265306122448,0.08163265306122448,1277.0
821,8,21,54,143,0.9259259259259259,0.0,0.9259259259259259,0.07407407407407407,0.07407407407407407,1336.0
822,8,22,61,151,0.9180327868852459,0.0,0.9180327868852459,0.08196721311475409,0.08196721311475409,1390.0
823,8,23,69,161,0.8985507246376812,0.0,0.8985507246376812,0.10144927536231885,0.10144927536231885,1439.0
824,8,24,80,171,0.9125,0.0,0.9125,0.0875,0.0875,1480.0
825,8,25,95,184,0.9157894736842105,0.0,0.9157894736842105,0.08421052631578947,0.08421052631578947,1513.0
826,8,26,105,197,0.9142857142857143,0.0,0.9142857142857143,0.08571428571428572,0.08571428571428572,1531.0
827,8,27,118,212,0.940677966101695,0.0,0.940677966101695,0.059322033898305086,0.059322033898305086,1541.0
828,8,28,53,223,0.9433962264150944,0.0,0.9433962264150944,0.05660377358490566,0.05660377358490566,1597.0
829,8,29,69,231,0.9710144927536232,0.0,0.9710144927536232,0.028985507246376812,0.028985507246376812,1652.0
830,8,30,73,243,0.9726027397260274,0.0,0.9726027397260274,0.0273972602739726,0.0273972602739726,1695.0
831,8,31,76,254,0.9473684210526315,0.0,0.9473684210526315,0.05263157894736842,0.05263157894736842,1733.0
832,8,32,82,267,0.9512195121951219,0.012195121951219513,0.9512195121951219,0.04878048780487805,0.04878048780487805,1770.0
833,8,33,93,276,0.946236559139785,0.010752688172043012,0.946236559139785,0.053763440860215055,0.053763440860215055,1797.0
834,8,34,95,300,0.968421052631579,0.010526315789473684,0.968421052631579,0.031578947368421054,0.031578947368421054,1828.0
835,8,35,98,316,0.9591836734693877,0.01020408163265306,0.9591836734693877,0.04081632653061224,0.04081632653061224,1849.0
836,8,36,117,330,0.9658119658119658,0.0,0.9658119658119658,0.03418803418803419,0.03418803418803419,1865.0
837,8,37,117,349,0.9572649572649573,0.0,0.9572649572649573,0.042735042735042736,0.042735042735042736,1867.0
838,8,38,125,369,0.96,0.0,0.96,0.04,0.04,1870.0
839,8,39,130,395,0.9692307692307692,0.0,0.9692307692307692,0.03076923076923077,0.03076923076923077,1871.0
840,8,40,141,414,0.9787234042553191,0.0,0.9787234042553191,0.02127659574468085,0.02127659574468085,1860.0
841,8,41,131,447,0.9847328244274809,0.0,0.9847328244274809,0.015267175572519083,0.015267175572519083,1852.0
842,8,42,143,466,0.993006993006993,0.0,0.993006993006993,0.006993006993006993,0.006993006993006993,1840.0
843,8,43,147,494,1.0,0.0,1.0,0.0,0.0,1825.0
844,8,44,153,525,1.0,0.0,1.0,0.0,0.0,1809.0
845,8,45,165,555,1.0,0.0,1.0,0.0,0.0,1786.0
846,8,46,183,578,1.0,0.0,1.0,0.0,0.0,1744.0
847,8,47,203,609,1.0,0.0,1.0,0.0,0.0,1692.0
848,8,48,216,641,1.0,0.0,1.0,0.0,0.0,1621.0
849,8,49,232,678,1.0,0.0,1.0,0.0,0.0,1542.0
850,8,50,243,720,1.0,0.0,1.0,0.0,0.0,1452.0
851,8,51,263,761,1.0,0.0,1.0,0.0,0.0,1350.0
852,8,52,275,812,1.0,0.0,1.0,0.0,0.0,1238.0
853,8,53,299,857,1.0,0.0,1.0,0.0,0.0,1108.0
854,8,54,323,910,1.0,0.0,1.0,0.0,0.0,962.0
855,8,55,356,963,1.0,0.0,1.0,0.0,0.0,792.0
856,8,56,376,1024,1.0,0.0,1.0,0.0,0.0,597.0
857,8,57,400,1087,1.0,0.0,1.0,0.0,0.0,384.0
858,8,58,431,1156,1.0,0.0,1.0,0.0,0.0,153.0
859,8,59,192,1434,1.0,0.0,1.0,0.0,0.0,100.0
860,8,60,128,1526,1.0,0.0,1.0,0.0,0.0,100.0
861,8,61,133,1554,1.0,0.0,1.0,0.0,0.0,100.0
862,8,62,138,1587,1.0,0.0,1.0,0.0,0.0,100.0
863,8,63,132,1625,1.0,0.0,1.0,0.0,0.0,100.0
864,8,64,130,1657,1.0,0.0,1.0,0.0,0.0,100.0
865,8,65,135,1687,1.0,0.0,1.0,0.0,0.0,100.0
866,8,66,133,1722,1.0,0.0,1.0,0.0,0.0,100.0
867,8,67,128,1755,1.0,0.0,1.0,0.0,0.0,100.0
868,8,68,128,1783,1.0,0.0,1.0,0.0,0.0,100.0
869,8,69,133,1811,1.0,0.0,1.0,0.0,0.0,100.0
870,8,70,129,1844,1.0,0.0,1.0,0.0,0.0,100.0
871,8,71,136,1873,1.0,0.0,1.0,0.0,0.0,100.0
872,8,72,133,1909,1.0,0.0,1.0,0.0,0.0,100.0
873,8,73,125,1942,1.0,0.0,1.0,0.0,0.0,100.0
874,8,74,127,1967,1.0,0.0,1.0,0.0,0.0,100.0
875,8,75,134,1994,1.0,0.0,1.0,0.0,0.0,100.0
876,8,76,130,2028,1.0,0.0,1.0,0.0,0.0,100.0
877,8,77,138,2058,1.0,0.0,1.0,0.0,0.0,100.0
878,8,78,129,2096,1.0,0.0,1.0,0.0,0.0,100.0
879,8,79,131,2125,1.0,0.0,1.0,0.0,0.0,100.0
880,8,80,124,2156,1.0,0.0,1.0,0.0,0.0,100.0
881,8,81,131,2180,1.0,0.0,1.0,0.0,0.0,100.0
882,8,82,131,2211,1.0,0.0,1.0,0.0,0.0,100.0
883,8,83,127,2242,1.0,0.0,1.0,0.0,0.0,100.0
884,8,84,129,2269,1.0,0.0,1.0,0.0,0.0,100.0
885,8,85,142,2298,1.0,0.0,1.0,0.0,0.0,100.0
886,8,86,132,2340,1.0,0.0,1.0,0.0,0.0,100.0
887,8,87,136,2372,1.0,0.0,1.0,0.0,0.0,100.0
888,8,88,131,2408,1.0,0.0,1.0,0.0,0.0,100.0
889,8,89,126,2439,1.0,0.0,1.0,0.0,0.0,100.0
890,8,90,131,2465,1.0,0.0,1.0,0.0,0.0,100.0
891,8,91,123,2496,1.0,0.0,1.0,0.0,0.0,100.0
892,8,92,132,2519,1.0,0.0,1.0,0.0,0.0,100.0
893,8,93,135,2551,1.0,0.0,1.0,0.0,0.0,100.0
894,8,94,132,2586,1.0,0.0,1.0,0.0,0.0,100.0
895,8,95,130,2618,1.0,0.0,1.0,0.0,0.0,100.0
896,8,96,127,2648,1.0,0.0,1.0,0.0,0.0,100.0
897,8,97,124,2675,1.0,0.0,1.0,0.0,0.0,100.0
898,8,98,124,2699,1.0,0.0,1.0,0.0,0.0,100.0
899,8,99,130,2724,1.0,0.0,1.0,0.0,0.0,101.0
900,9,0,14,1,0.35714285714285715,0.0,0.35714285714285715,0.6428571428571429,0.0,190.0
901,9,1,17,1,0.29411764705882354,0.0,0.29411764705882354,0.7058823529411765,0.23529411764705882,276.0
902,9,2,25,1,0.44,0.0,0.44,0.56,0.28,359.0
903,9,3,32,1,0.5,0.0,0.5,0.5,0.25,434.0
904,9,4,28,12,0.5,0.0,0.5,0.5,0.17857142857142858,513.0
905,9,5,31,15,0.5483870967741935,0.0,0.5483870967741935,0.45161290322580644,0.1935483870967742,588.0
906,9,6,37,18,0.6486486486486487,0.0,0.6486486486486487,0.35135135135135137,0.16216216216216217,660.0
907,9,7,37,26,0.6756756756756757,0.0,0.6756756756756757,0.32432432432432434,0.1891891891891892,732.0
908,9,8,35,33,0.8,0.02857142857142857,0.8,0.2,0.17142857142857143,802.0
909,9,9,35,40,0.7428571428571429,0.02857142857142857,0.7428571428571429,0.2571428571428571,0.22857142857142856,874.0
910,9,10,34,46,0.6764705882352942,0.029411764705882353,0.6764705882352942,0.3235294117647059,0.2647058823529412,945.0
911,9,11,30,54,0.6666666666666666,0.03333333333333333,0.6666666666666666,0.3333333333333333,0.3,1019.0
912,9,12,30,63,0.6333333333333333,0.0,0.6333333333333333,0.36666666666666664,0.3333333333333333,1098.0
913,9,13,32,68,0.59375,0.0,0.59375,0.40625,0.375,1173.0
914,9,14,35,75,0.5428571428571428,0.0,0.5428571428571428,0.45714285714285713,0.42857142857142855,1248.0
915,9,15,41,80,0.5121951219512195,0.0,0.5121951219512195,0.4878048780487805,0.4878048780487805,1318.0
916,9,16,52,84,0.5384615384615384,0.0,0.5384615384615384,0.46153846153846156,0.46153846153846156,1381.0
917,9,17,47,92,0.6808510638297872,0.0,0.6808510638297872,0.3191489361702128,0.3191489361702128,1444.0
918,9,18,51,99,0.7058823529411765,0.0,0.7058823529411765,0.29411764705882354,0.29411764705882354,1504.0
919,9,19,61,107,0.7540983606557377,0.0,0.7540983606557377,0.2459016393442623,0.2459016393442623,1561.0
920,9,20,67,116,0.7910447761194029,0.0,0.7910447761194029,0.208955223880597,0.208955223880597,1609.0
921,9,21,74,129,0.8108108108108109,0.0,0.8108108108108109,0.1891891891891892,0.1891891891891892,1655.0
922,9,22,84,139,0.8452380952380952,0.0,0.8452380952380952,0.15476190476190477,0.15476190476190477,1691.0
923,9,23,103,150,0.8737864077669902,0.0,0.8737864077669902,0.1262135922330097,0.1262135922330097,1718.0
924,9,24,112,168,0.8660714285714286,0.0,0.8660714285714286,0.13392857142857142,0.13392857142857142,1733.0
925,9,25,126,183,0.8650793650793651,0.0,0.8650793650793651,0.1349206349206349,0.1349206349206349,1736.0
926,9,26,41,190,0.7560975609756098,0.0,0.7560975609756098,0.24390243902439024,0.24390243902439024,1805.0
927,9,27,48,198,0.7708333333333334,0.0,0.7708333333333334,0.22916666666666666,0.22916666666666666,1872.0
928,9,28,56,209,0.7142857142857143,0.0,0.7142857142857143,0.2857142857142857,0.2857142857142857,1935.0
929,9,29,72,214,0.7083333333333334,0.0,0.7083333333333334,0.2916666666666667,0.2916666666666667,1984.0
930,9,30,88,221,0.7272727272727273,0.0,0.7272727272727273,0.2727272727272727,0.2727272727272727,2019.0
931,9,31,97,231,0.7216494845360825,0.0,0.7216494845360825,0.27835051546391754,0.27835051546391754,2041.0
932,9,32,109,246,0.7706422018348624,0.0,0.7706422018348624,0.22935779816513763,0.22935779816513763,2059.0
933,9,33,116,265,0.8103448275862069,0.0,0.8103448275862069,0.1896551724137931,0.1896551724137931,2069.0
934,9,34,128,286,0.8359375,0.0,0.8359375,0.1640625,0.1640625,2074.0
935,9,35,135,309,0.8592592592592593,0.0,0.8592592592592593,0.14074074074074075,0.14074074074074075,2069.0
936,9,36,154,328,0.8571428571428571,0.0,0.8571428571428571,0.14285714285714285,0.14285714285714285,2053.0
937,9,37,156,355,0.8589743589743589,0.01282051282051282,0.8589743589743589,0.14102564102564102,0.14102564102564102,2026.0
938,9,38,167,381,0.8622754491017964,0.005988023952095809,0.8622754491017964,0.1377245508982036,0.1377245508982036,1996.0
939,9,39,174,414,0.8563218390804598,0.005747126436781609,0.8563218390804598,0.14367816091954022,0.14367816091954022,1962.0
940,9,40,189,444,0.8677248677248677,0.005291005291005291,0.8677248677248677,0.13227513227513227,0.13227513227513227,1918.0
941,9,41,190,482,0.868421052631579,0.010526315789473684,0.868421052631579,0.13157894736842105,0.13157894736842105,1867.0
942,9,42,207,511,0.8840579710144928,0.004830917874396135,0.8840579710144928,0.11594202898550725,0.11594202898550725,1806.0
943,9,43,235,548,0.9148936170212766,0.00425531914893617,0.9148936170212766,0.0851063829787234,0.0851063829787234,1736.0
944,9,44,245,588,0.9183673469387755,0.0163265306122449,0.9183673469387755,0.08163265306122448,0.08163265306122448,1641.0
945,9,45,267,633,0.9288389513108615,0.026217228464419477,0.9288389513108615,0.07116104868913857,0.07116104868913857,1541.0
946,9,46,302,672,0.9536423841059603,0.029801324503311258,0.9536423841059603,0.046357615894039736,0.046357615894039736,1413.0
947,9,47,347,718,0.9596541786743515,0.040345821325648415,0.9596541786743515,0.040345821325648415,0.040345821325648415,1257.0
948,9,48,368,783,0.9646739130434783,0.051630434782608696,0.9646739130434783,0.035326086956521736,0.035326086956521736,1075.0
949,9,49,417,833,0.9616306954436451,0.05755395683453238,0.9616306954436451,0.03836930455635491,0.03836930455635491,857.0
950,9,50,451,900,0.9711751662971175,0.05321507760532151,0.9711751662971175,0.028824833702882482,0.028824833702882482,607.0
951,9,51,502,974,0.9721115537848606,0.053784860557768925,0.9721115537848606,0.027888446215139442,0.027888446215139442,330.0
952,9,52,435,1146,0.993103448275862,0.0367816091954023,0.993103448275862,0.006896551724137931,0.006896551724137931,100.0
953,9,53,126,1481,1.0,0.0,1.0,0.0,0.0,100.0
954,9,54,137,1507,1.0,0.0,1.0,0.0,0.0,100.0
955,9,55,128,1544,1.0,0.0,1.0,0.0,0.0,100.0
956,9,56,130,1572,1.0,0.0,1.0,0.0,0.0,100.0
957,9,57,126,1602,1.0,0.0,1.0,0.0,0.0,100.0
958,9,58,138,1628,1.0,0.0,1.0,0.0,0.0,100.0
959,9,59,126,1666,1.0,0.0,1.0,0.0,0.0,100.0
960,9,60,126,1692,1.0,0.0,1.0,0.0,0.0,100.0
961,9,61,131,1718,1.0,0.0,1.0,0.0,0.0,100.0
962,9,62,135,1749,1.0,0.0,1.0,0.0,0.0,100.0
963,9,63,137,1784,1.0,0.0,1.0,0.0,0.0,100.0
964,9,64,138,1821,1.0,0.0,1.0,0.0,0.0,100.0
965,9,65,124,1859,1.0,0.0,1.0,0.0,0.0,100.0
966,9,66,128,1883,1.0,0.0,1.0,0.0,0.0,100.0
967,9,67,125,1911,1.0,0.0,1.0,0.0,0.0,100.0
968,9,68,126,1936,1.0,0.0,1.0,0.0,0.0,100.0
969,9,69,130,1965,1.0,0.0,1.0,0.0,0.0,103.0
970,9,70,129,1992,1.0,0.0,1.0,0.0,0.0,100.0
971,9,71,127,2021,1.0,0.0,1.0,0.0,0.0,100.0
972,9,72,128,2048,1.0,0.0,1.0,0.0,0.0,100.0
973,9,73,128,2076,1.0,0.0,1.0,0.0,0.0,100.0
974,9,74,130,2104,1.0,0.0,1.0,0.0,0.0,100.0
975,9,75,131,2134,1.0,0.0,1.0,0.0,0.0,100.0
976,9,76,125,2165,1.0,0.0,1.0,0.0,0.0,100.0
977,9,77,128,2190,1.0,0.0,1.0,0.0,0.0,100.0
978,9,78,133,2218,1.0,0.0,1.0,0.0,0.0,100.0
979,9,79,132,2251,1.0,0.0,1.0,0.0,0.0,100.0
980,9,80,131,2283,1.0,0.0,1.0,0.0,0.0,100.0
981,9,81,129,2314,1.0,0.0,1.0,0.0,0.0,100.0
982,9,82,138,2343,1.0,0.0,1.0,0.0,0.0,100.0
983,9,83,128,2381,1.0,0.0,1.0,0.0,0.0,100.0
984,9,84,127,2409,1.0,0.0,1.0,0.0,0.0,100.0
985,9,85,125,2436,1.0,0.0,1.0,0.0,0.0,100.0
986,9,86,130,2461,1.0,0.0,1.0,0.0,0.0,100.0
987,9,87,133,2491,1.0,0.0,1.0,0.0,0.0,100.0
988,9,88,128,2524,1.0,0.0,1.0,0.0,0.0,100.0
989,9,89,128,2552,1.0,0.0,1.0,0.0,0.0,100.0
990,9,90,130,2580,1.0,0.0,1.0,0.0,0.0,100.0
991,9,91,123,2610,1.0,0.0,1.0,0.0,0.0,100.0
992,9,92,127,2635,1.0,0.0,1.0,0.0,0.0,102.0
993,9,93,134,2660,1.0,0.0,1.0,0.0,0.0,100.0
994,9,94,133,2694,1.0,0.0,1.0,0.0,0.0,100.0
995,9,95,134,2727,1.0,0.0,1.0,0.0,0.0,100.0
996,9,96,127,2761,1.0,0.0,1.0,0.0,0.0,100.0
997,9,97,131,2788,1.0,0.0,1.0,0.0,0.0,100.0
998,9,98,142,2819,1.0,0.0,1.0,0.0,0.0,100.0
999,9,99,127,2861,1.0,0.0,1.0,0.0,0.0,100.0
